{
  "name": "chroniclers-modified-rolls",
  "title": "Chronicler's Modified Rolls",
  "description": "Allows for any user with the GM role to modify dice roll messages after they are posted in the chat.",
  "authors": [ { "name": "The Chronicler", "discord": "Zorhold#9781" } ],
  "version": "1.0",
  "minimumCoreVersion": "0.7.0",
  "compatibleCoreVersion": "0.8.9",
  "scripts": [
    "scripts/ModifyMyRolls.js"
  ],
  "url": "https://github.com/zorhold/chroniclers-modified-rolls/tree/main",
  "manifest": "https://raw.githubusercontent.com/zorhold/chroniclers-modified-rolls/main/module.json",
  "download": "https://github.com/zorhold/chroniclers-modified-rolls/blob/main/chroniclers-modified-rolls-main.zip"
}
